{
    "experiment": "VOC Knowledge Distillation",
    "timestamp": "2025-09-27 15:20:05 KST",
    "teacher": "YOLOv11l",
    "student": "YOLOv11n",
    "dataset": "VOC",
    "epochs": 100,
    "batch_size": 16,
    "baseline": {
        "training_time": 31030.65909385681,
        "mAP50-95": 0.6448378473810098,
        "mAP50": 0.840609758370633
    },
    "kd": {
        "training_time": 71391.88801074028,
        "mAP50-95": 0.6443226820623263,
        "mAP50": 0.8394355525658403
    },
    "improvement": {
        "average": 0.03209913383934637,
        "details": {
            "mAP50-95": -0.07989067651282902,
            "mAP50": -0.1396850075912326,
            "Precision": 1.7067024199470249,
            "Recall": -1.3587302004855777
        }
    }
}